{"cameraMode":{"drawMode":0,"name":"Shaded","section":"Shading Mode"},"sceneLighting":false,"audioPlay":false,"sceneViewState":{"showFog":false,"showMaterialUpdate":false,"showSkybox":false,"showFlares":false,"showImageEffects":true,"showParticleSystems":true},"in2DMode":false,"pivot":{"x":0.18222405016422273,"y":-0.5682010650634766,"z":1.6944737434387208},"rotation":{"x":-0.23760882019996644,"y":0.19141283631324769,"z":-0.04781802371144295,"w":-0.9511167407035828},"size":1.6071069240570069,"orthographic":false}