{"cameraMode":{"drawMode":0,"name":"Shaded","section":"Shading Mode"},"sceneLighting":false,"audioPlay":false,"sceneViewState":{"showFog":false,"showMaterialUpdate":false,"showSkybox":false,"showFlares":false,"showImageEffects":true,"showParticleSystems":true},"in2DMode":false,"pivot":{"x":0.5982423424720764,"y":0.4453940987586975,"z":-1.1349576711654664},"rotation":{"x":0.0588722787797451,"y":0.8683086037635803,"z":-0.10629559308290482,"w":0.48092010617256167},"size":2.6056671142578127,"orthographic":false}