{"cameraMode":{"drawMode":0,"name":"Shaded","section":"Shading Mode"},"sceneLighting":false,"audioPlay":false,"sceneViewState":{"showFog":false,"showMaterialUpdate":false,"showSkybox":false,"showFlares":false,"showImageEffects":true,"showParticleSystems":true},"in2DMode":false,"pivot":{"x":-0.07304584234952927,"y":-0.4221535921096802,"z":0.11238722503185272},"rotation":{"x":-0.30921855568885805,"y":0.3488123118877411,"z":-0.12316969782114029,"w":-0.8761276602745056},"size":1.4660253524780274,"orthographic":false}