{"cameraMode":{"drawMode":0,"name":"Shaded","section":"Shading Mode"},"sceneLighting":false,"audioPlay":false,"sceneViewState":{"showFog":false,"showMaterialUpdate":false,"showSkybox":false,"showFlares":false,"showImageEffects":true,"showParticleSystems":true},"in2DMode":false,"pivot":{"x":-0.06764721870422363,"y":0.8942381143569946,"z":0.6036728620529175},"rotation":{"x":-0.047623585909605029,"y":0.7500413060188294,"z":-0.05432888865470886,"w":-0.6574375629425049},"size":1.3071069717407227,"orthographic":false}