{"cameraMode":{"drawMode":0,"name":"Shaded","section":"Shading Mode"},"sceneLighting":true,"audioPlay":false,"sceneViewState":{"showFog":false,"showMaterialUpdate":false,"showSkybox":true,"showFlares":false,"showImageEffects":true,"showParticleSystems":true},"in2DMode":false,"pivot":{"x":52.53242111206055,"y":1.646535873413086,"z":28.880992889404298},"rotation":{"x":-0.08510248363018036,"y":-0.37083700299263,"z":0.03410940244793892,"w":-0.9241828322410584},"size":37.71033477783203,"orthographic":false}