{"cameraMode":{"drawMode":0,"name":"Shaded","section":"Shading Mode"},"sceneLighting":true,"audioPlay":false,"sceneViewState":{"showFog":false,"showMaterialUpdate":false,"showSkybox":true,"showFlares":false,"showImageEffects":true,"showParticleSystems":true},"in2DMode":false,"pivot":{"x":-4.623424053192139,"y":-3.3234105110168459,"z":0.9408712387084961},"rotation":{"x":-0.24009902775287629,"y":0.6607282161712647,"z":-0.23660099506378175,"w":-0.6707214117050171},"size":6.039562702178955,"orthographic":false}