{"cameraMode":{"drawMode":0,"name":"Shaded","section":"Shading Mode"},"sceneLighting":false,"audioPlay":false,"sceneViewState":{"showFog":false,"showMaterialUpdate":false,"showSkybox":false,"showFlares":false,"showImageEffects":true,"showParticleSystems":true},"in2DMode":false,"pivot":{"x":0.5692130923271179,"y":0.060641705989837649,"z":-0.056592583656311038},"rotation":{"x":-0.2028985470533371,"y":0.23018263280391694,"z":-0.049136023968458179,"w":-0.950492799282074},"size":0.40887224674224856,"orthographic":false}