{"cameraMode":{"drawMode":0,"name":"Shaded","section":"Shading Mode"},"sceneLighting":true,"audioPlay":false,"sceneViewState":{"showFog":false,"showMaterialUpdate":false,"showSkybox":true,"showFlares":false,"showImageEffects":true,"showParticleSystems":true},"in2DMode":false,"pivot":{"x":2.5729756355285646,"y":-0.20458769798278809,"z":1.0811071395874024},"rotation":{"x":-0.35748258233070376,"y":0.05794050544500351,"z":-0.022227458655834199,"w":-0.9318568110466003},"size":4.007106781005859,"orthographic":false}