{"cameraMode":{"drawMode":0,"name":"Shaded","section":"Shading Mode"},"sceneLighting":false,"audioPlay":false,"sceneViewState":{"showFog":false,"showMaterialUpdate":false,"showSkybox":false,"showFlares":false,"showImageEffects":true,"showParticleSystems":true},"in2DMode":false,"pivot":{"x":-2.379411220550537,"y":-2.2958784103393556,"z":-0.04800843447446823},"rotation":{"x":-0.22796127200126649,"y":0.725837230682373,"z":-0.2834939956665039,"w":-0.5838495492935181},"size":2.70739483833313,"orthographic":false}