{"cameraMode":{"drawMode":0,"name":"Shaded","section":"Shading Mode"},"sceneLighting":true,"audioPlay":false,"sceneViewState":{"showFog":false,"showMaterialUpdate":false,"showSkybox":true,"showFlares":false,"showImageEffects":true,"showParticleSystems":true},"in2DMode":false,"pivot":{"x":-2.760896921157837,"y":-3.475520610809326,"z":1.5433470010757447},"rotation":{"x":-0.32039687037467959,"y":0.4108809530735016,"z":-0.15697023272514344,"w":-0.83901047706604},"size":4.733581066131592,"orthographic":false}