{"cameraMode":{"drawMode":0,"name":"Shaded","section":"Shading Mode"},"sceneLighting":false,"audioPlay":false,"sceneViewState":{"showFog":false,"showMaterialUpdate":false,"showSkybox":false,"showFlares":false,"showImageEffects":true,"showParticleSystems":true},"in2DMode":false,"pivot":{"x":0.7096976041793823,"y":0.03760143369436264,"z":0.17559152841567994},"rotation":{"x":-0.2528301477432251,"y":0.3100864291191101,"z":-0.08592145889997482,"w":-0.9124399423599243},"size":1.0499999523162842,"orthographic":false}