{"cameraMode":{"drawMode":0,"name":"Shaded","section":"Shading Mode"},"sceneLighting":true,"audioPlay":false,"sceneViewState":{"showFog":false,"showMaterialUpdate":false,"showSkybox":true,"showFlares":false,"showImageEffects":true,"showParticleSystems":true},"in2DMode":false,"pivot":{"x":1.8026148080825806,"y":-0.12474620342254639,"z":0.6153658628463745},"rotation":{"x":-0.3124939501285553,"y":0.31428176164627077,"z":-0.11039923876523972,"w":-0.8896002173423767},"size":3.707106828689575,"orthographic":false}