{"cameraMode":{"drawMode":0,"name":"Shaded","section":"Shading Mode"},"sceneLighting":false,"audioPlay":false,"sceneViewState":{"showFog":false,"showMaterialUpdate":false,"showSkybox":false,"showFlares":false,"showImageEffects":true,"showParticleSystems":true},"in2DMode":false,"pivot":{"x":3.405427932739258,"y":2.741730213165283,"z":27.193437576293947},"rotation":{"x":-0.0977531373500824,"y":0.8273877501487732,"z":-0.15210676193237306,"w":-0.5317301154136658},"size":3.357919931411743,"orthographic":false}