{"cameraMode":{"drawMode":0,"name":"Shaded","section":"Shading Mode"},"sceneLighting":false,"audioPlay":false,"sceneViewState":{"showFog":false,"showMaterialUpdate":false,"showSkybox":false,"showFlares":false,"showImageEffects":true,"showParticleSystems":true},"in2DMode":false,"pivot":{"x":-1.6404610872268677,"y":0.3170194625854492,"z":-0.8253909945487976},"rotation":{"x":-0.05388231575489044,"y":0.8538792729377747,"z":-0.0902557373046875,"w":-0.5097520351409912},"size":1.6348469257354737,"orthographic":false}