{"cameraMode":{"drawMode":0,"name":"Shaded","section":"Shading Mode"},"sceneLighting":false,"audioPlay":false,"sceneViewState":{"showFog":false,"showMaterialUpdate":false,"showSkybox":false,"showFlares":false,"showImageEffects":true,"showParticleSystems":true},"in2DMode":false,"pivot":{"x":5.483452796936035,"y":3.160449504852295,"z":5.415252685546875},"rotation":{"x":-0.07714927941560745,"y":-0.8531096577644348,"z":0.13179481029510499,"w":-0.49893373250961306},"size":1.8744292259216309,"orthographic":false}