{"cameraMode":{"drawMode":0,"name":"Shaded","section":"Shading Mode"},"sceneLighting":false,"audioPlay":false,"sceneViewState":{"showFog":false,"showMaterialUpdate":false,"showSkybox":false,"showFlares":false,"showImageEffects":true,"showParticleSystems":true},"in2DMode":false,"pivot":{"x":0.9929187297821045,"y":-0.18393076956272126,"z":0.24861903488636018},"rotation":{"x":-0.2689210772514343,"y":0.08279956132173538,"z":-0.02321094088256359,"w":-0.9593183994293213},"size":1.4660253524780274,"orthographic":false}