{"cameraMode":{"drawMode":0,"name":"Shaded","section":"Shading Mode"},"sceneLighting":true,"audioPlay":false,"sceneViewState":{"showFog":false,"showMaterialUpdate":false,"showSkybox":true,"showFlares":false,"showImageEffects":true,"showParticleSystems":true},"in2DMode":false,"pivot":{"x":1.340423822402954,"y":-2.0535268783569338,"z":-5.049656391143799},"rotation":{"x":-0.011598596349358559,"y":0.9761648774147034,"z":-0.2099098265171051,"w":-0.053938426077365878},"size":4.9151434898376469,"orthographic":false}