{"cameraMode":{"drawMode":0,"name":"Shaded","section":"Shading Mode"},"sceneLighting":false,"audioPlay":false,"sceneViewState":{"showFog":false,"showMaterialUpdate":false,"showSkybox":false,"showFlares":false,"showImageEffects":true,"showParticleSystems":true},"in2DMode":false,"pivot":{"x":4.9622368812561039,"y":0.3422991633415222,"z":0.16108369827270509},"rotation":{"x":-0.18143311142921449,"y":0.7009523510932922,"z":-0.19196556508541108,"w":-0.662493884563446},"size":1.0043706893920899,"orthographic":false}