{"cameraMode":{"drawMode":0,"name":"Shaded","section":"Shading Mode"},"sceneLighting":true,"audioPlay":false,"sceneViewState":{"showFog":false,"showMaterialUpdate":false,"showSkybox":true,"showFlares":false,"showImageEffects":true,"showParticleSystems":true},"in2DMode":false,"pivot":{"x":-4.035038948059082,"y":-1.7481735944747925,"z":-0.6955576539039612},"rotation":{"x":-0.1586543619632721,"y":0.7770202159881592,"z":-0.21659259498119355,"w":-0.5693962574005127},"size":4.341086387634277,"orthographic":false}