{"cameraMode":{"drawMode":0,"name":"Shaded","section":"Shading Mode"},"sceneLighting":false,"audioPlay":false,"sceneViewState":{"showFog":false,"showMaterialUpdate":false,"showSkybox":false,"showFlares":false,"showImageEffects":true,"showParticleSystems":true},"in2DMode":false,"pivot":{"x":0.2064831554889679,"y":0.005615689791738987,"z":-0.036890238523483279},"rotation":{"x":-0.3457808196544647,"y":-0.07672937214374542,"z":0.028383923694491388,"w":-0.9347438216209412},"size":0.7071070075035095,"orthographic":false}