{"cameraMode":{"drawMode":0,"name":"Shaded","section":"Shading Mode"},"sceneLighting":true,"audioPlay":false,"sceneViewState":{"showFog":false,"showMaterialUpdate":false,"showSkybox":true,"showFlares":false,"showImageEffects":true,"showParticleSystems":true},"in2DMode":false,"pivot":{"x":-4.231139183044434,"y":-6.635226726531982,"z":2.6051530838012697},"rotation":{"x":-0.18143311142921449,"y":0.7009523510932922,"z":-0.19196556508541108,"w":-0.662493884563446},"size":11.816801071166993,"orthographic":false}