{"cameraMode":{"drawMode":0,"name":"Shaded","section":"Shading Mode"},"sceneLighting":true,"audioPlay":false,"sceneViewState":{"showFog":false,"showMaterialUpdate":false,"showSkybox":true,"showFlares":false,"showImageEffects":true,"showParticleSystems":true},"in2DMode":false,"pivot":{"x":-5.358687877655029,"y":-0.8322935104370117,"z":-0.5270452499389648},"rotation":{"x":0.30537956953048708,"y":-0.2960742115974426,"z":0.1005249172449112,"w":0.8994397521018982},"size":4.689695835113525,"orthographic":false}