{"cameraMode":{"drawMode":0,"name":"Shaded","section":"Shading Mode"},"sceneLighting":false,"audioPlay":false,"sceneViewState":{"showFog":false,"showMaterialUpdate":false,"showSkybox":false,"showFlares":false,"showImageEffects":true,"showParticleSystems":true},"in2DMode":false,"pivot":{"x":0.12979695200920106,"y":0.46829700469970705,"z":-0.768258810043335},"rotation":{"x":-0.1137068048119545,"y":-0.8203529715538025,"z":0.17508704960346223,"w":-0.5324372053146362},"size":1.9307763576507569,"orthographic":false}