{"cameraMode":{"drawMode":0,"name":"Shaded","section":"Shading Mode"},"sceneLighting":false,"audioPlay":false,"sceneViewState":{"showFog":false,"showMaterialUpdate":false,"showSkybox":false,"showFlares":false,"showImageEffects":true,"showParticleSystems":true},"in2DMode":false,"pivot":{"x":0.6308137774467468,"y":0.2633799612522125,"z":1.4593108892440797},"rotation":{"x":0.24957211315631867,"y":-0.45921623706817629,"z":0.13624659180641175,"w":0.8416187167167664},"size":1.8849141597747803,"orthographic":false}