{"cameraMode":{"drawMode":0,"name":"Shaded","section":"Shading Mode"},"sceneLighting":false,"audioPlay":false,"sceneViewState":{"showFog":false,"showMaterialUpdate":false,"showSkybox":false,"showFlares":false,"showImageEffects":true,"showParticleSystems":true},"in2DMode":false,"pivot":{"x":-0.07819858193397522,"y":0.51050865650177,"z":-0.19677484035491944},"rotation":{"x":0.05209378898143768,"y":0.8838103413581848,"z":-0.10147130489349365,"w":0.4537377953529358},"size":0.8056672215461731,"orthographic":false}