{"cameraMode":{"drawMode":0,"name":"Shaded","section":"Shading Mode"},"sceneLighting":false,"audioPlay":false,"sceneViewState":{"showFog":false,"showMaterialUpdate":false,"showSkybox":false,"showFlares":false,"showImageEffects":true,"showParticleSystems":true},"in2DMode":false,"pivot":{"x":2.580166816711426,"y":0.45003557205200198,"z":-2.418832778930664},"rotation":{"x":-0.13771331310272218,"y":0.8611646890640259,"z":-0.3215024173259735,"w":-0.3688741624355316},"size":2.1073949337005617,"orthographic":false}